{
  "formatVersion": 1,
  "database": {
    "version": 1,
    "identityHash": "b54788198efea4a644d83b8e8aad1cd4",
    "entities": [
      {
        "tableName": "movie",
        "createSql": "CREATE TABLE IF NOT EXISTS `${TABLE_NAME}` (`mid` INTEGER PRIMARY KEY AUTOINCREMENT NOT NULL, `title` TEXT NOT NULL, `directorId` INTEGER NOT NULL, FOREIGN KEY(`directorId`) REFERENCES `director`(`did`) ON UPDATE NO ACTION ON DELETE CASCADE )",
        "fields": [
          {
            "fieldPath": "id",
            "columnName": "mid",
            "affinity": "INTEGER",
            "notNull": true
          },
          {
            "fieldPath": "title",
            "columnName": "title",
            "affinity": "TEXT",
            "notNull": true
          },
          {
            "fieldPath": "directorId",
            "columnName": "directorId",
            "affinity": "INTEGER",
            "notNull": true
          }
        ],
        "primaryKey": {
          "columnNames": [
            "mid"
          ],
          "autoGenerate": true
        },
        "indices": [
          {
            "name": "index_movie_title",
            "unique": false,
            "columnNames": [
              "title"
            ],
            "createSql": "CREATE  INDEX `index_movie_title` ON `${TABLE_NAME}` (`title`)"
          },
          {
            "name": "index_movie_directorId",
            "unique": false,
            "columnNames": [
              "directorId"
            ],
            "createSql": "CREATE  INDEX `index_movie_directorId` ON `${TABLE_NAME}` (`directorId`)"
          }
        ],
        "foreignKeys": [
          {
            "table": "director",
            "onDelete": "CASCADE",
            "onUpdate": "NO ACTION",
            "columns": [
              "directorId"
            ],
            "referencedColumns": [
              "did"
            ]
          }
        ]
      },
      {
        "tableName": "director",
        "createSql": "CREATE TABLE IF NOT EXISTS `${TABLE_NAME}` (`did` INTEGER PRIMARY KEY AUTOINCREMENT NOT NULL, `full_name` TEXT NOT NULL)",
        "fields": [
          {
            "fieldPath": "id",
            "columnName": "did",
            "affinity": "INTEGER",
            "notNull": true
          },
          {
            "fieldPath": "fullName",
            "columnName": "full_name",
            "affinity": "TEXT",
            "notNull": true
          }
        ],
        "primaryKey": {
          "columnNames": [
            "did"
          ],
          "autoGenerate": true
        },
        "indices": [
          {
            "name": "index_director_full_name",
            "unique": true,
            "columnNames": [
              "full_name"
            ],
            "createSql": "CREATE UNIQUE INDEX `index_director_full_name` ON `${TABLE_NAME}` (`full_name`)"
          }
        ],
        "foreignKeys": []
      }
    ],
    "setupQueries": [
      "CREATE TABLE IF NOT EXISTS room_master_table (id INTEGER PRIMARY KEY,identity_hash TEXT)",
      "INSERT OR REPLACE INTO room_master_table (id,identity_hash) VALUES(42, \"b54788198efea4a644d83b8e8aad1cd4\")"
    ]
  }
}